hand_value,nb_bouts,taking,taking_bid_order,number_of_points_achieved,nb_bouts_achieved,reward
19.0,0,0,0,14.0,0,-2
17.0,0,0,0,14.0,1,-2
19.0,1,0,0,5.0,0,-2
29.0,1,1,2,49.0,2,6
16.0,0,0,0,15.0,0,4
24.0,1,0,0,13.0,1,4
29.0,0,0,0,35.0,1,4
17.0,2,1,2,24.0,1,-12
30.0,1,0,0,26.0,1,4
24.0,0,0,0,24.0,0,4
15.0,1,0,0,4,1,4
15.0,0,1,2,28.0,0,-12
13.0,0,1,1,22.0,2,-6
24.0,2,0,0,21.0,1,2
18.0,0,0,0,20.0,1,2
25.0,0,0,0,25.0,0,2
24.0,1,1,2,33.0,1,-9
23.0,1,0,0,23.0,1,3
13.0,0,0,0,10.0,0,3
24.0,1,0,0,26.0,1,3
19.0,1,0,0,12.0,0,-2
30.0,0,0,0,22.0,0,-2
13.0,0,0,0,16.0,1,-2
25.0,2,1,2,39.0,2,6
27.0,1,0,0,15.0,1,4
28.0,1,0,0,36.0,0,4
15.0,1,0,0,24.0,3,4
18.0,0,1,2,21.0,2,-12
30.0,0,0,0,29.0,0,-1
23.0,1,1,1,38.0,2,3
10.0,0,0,0,0,0,-1
21.0,0,0,0,21.0,1,-1
19.0,1,1,2,31.0,3,6
24.0,1,0,0,33.0,1,-2
15.0,0,0,0,20.0,0,-2
21.0,0,0,1,0,0,-2
16.0,0,0,0,14.0,0,-3
27.0,0,0,0,31.0,0,-3
22.0,0,0,0,0,0,-3
15.0,1,1,2,47.0,3,9
20.0,1,0,0,20.0,1,3
18.0,0,1,2,22.0,2,-9
14.0,1,0,0,22.0,1,3
31.0,1,0,1,27.0,0,3
21.0,1,1,2,59.0,3,12
25.0,0,0,0,11.0,0,-4
18.0,1,0,0,10.0,1,-4
18.0,1,0,0,16.0,1,-4
31.0,1,0,1,44.0,2,6
24.0,2,0,0,28.0,1,6
16.0,0,1,2,10.0,0,-18
13.0,0,0,0,2.0,0,6
17.0,1,0,0,11.0,1,4
25.0,1,0,0,26.0,0,4
18.0,0,0,0,20.0,0,4
24.0,1,1,2,18.0,2,-12
21.0,0,0,0,28.0,0,3
23.0,1,0,0,18.0,1,3
23.0,0,0,0,19.0,0,3
13.0,0,1,1,28.0,1,-9
20.0,0,1,2,51.0,3,9
16.0,0,0,0,6.0,1,-3
27.0,1,0,0,27.0,0,-3
21.0,0,0,0,17.0,1,-3
16.0,1,1,2,42.0,3,6
26.0,1,0,0,15.0,0,-2
17.0,0,0,0,14.0,1,-2
25.0,1,0,1,23.0,1,-2
9.0,0,0,0,7.0,0,-2
31.0,2,1,2,36.0,3,6
28.0,0,0,0,25.0,0,-2
16.0,0,0,0,11.0,0,-2
22.0,1,0,0,25.0,2,5
23.0,1,0,0,29.0,1,5
18.0,1,0,0,14.0,0,5
22.0,0,1,2,15.0,1,-15
22.0,0,0,0,16.0,0,4
20.0,0,0,0,26.0,1,4
19.0,2,0,0,17.0,1,4
25.0,1,1,2,22.0,1,-12
15.0,0,1,2,25.0,2,-9
30.0,2,0,0,22.0,1,3
16.0,0,0,0,19.0,1,3
27.0,1,0,1,29.0,1,3
17.0,1,1,2,41.0,2,6
22.0,1,0,0,13.0,1,-2
26.0,0,0,0,27.0,0,-2
18.0,0,0,1,10.0,0,-2
26.0,0,0,0,9.0,0,4
21.0,1,0,0,22.0,1,4
24.0,1,0,0,28.0,1,4
15.0,1,1,2,27.0,0,-12
17.0,1,1,1,35.0,4,-3
25.0,1,0,0,28.0,1,1
26.0,1,0,0,10.0,0,1
20.0,0,0,0,21.0,0,1
22.0,0,0,0,24.0,0,5
29.0,1,0,0,43.0,2,5
21.0,2,0,0,8.0,1,5
16.0,0,1,2,21.0,1,-15
21.0,1,1,2,35.0,2,-6
19.0,1,0,0,18.0,2,2
22.0,0,0,0,2.0,0,2
23.0,1,0,1,32.0,0,2
16.0,1,0,0,10.0,0,3
17.0,0,1,1,33.0,0,-9
20.0,0,0,0,16.0,1,3
26.0,1,0,0,15.0,1,3
25.0,1,0,0,24.0,1,-2
24.0,2,1,2,40.0,2,6
24.0,0,0,0,18.0,0,-2
13.0,0,0,1,9.0,0,-2
29.0,1,0,0,20.0,1,-2
12.0,0,0,0,8.0,1,-2
20.0,2,0,0,22.0,1,-2
22.0,0,1,2,36.0,3,6
20.0,0,0,0,14.0,0,5
24.0,0,0,0,16.0,0,5
20.0,1,1,1,12.0,0,-15
16.0,1,0,0,33.0,1,5
22.0,1,0,0,20.0,0,2
26.0,1,0,0,28.0,1,2
13.0,0,0,0,20.0,0,2
21.0,1,1,2,33.0,4,-6
28.0,2,0,1,27.0,2,4
18.0,0,0,0,19.0,0,4
15.0,0,1,2,31.0,1,-12
24.0,1,0,0,12.0,0,4
21.0,0,0,0,13.0,0,4
25.0,1,0,0,35.0,1,4
13.0,1,0,0,15.0,1,4
19.0,0,1,2,20.0,2,-12
11.0,0,1,2,46.0,5,-9
30.0,0,0,0,28.0,0,3
34.0,3,0,0,16.0,1,3
13.0,0,0,0,12.0,0,3
28.0,1,0,0,23.0,2,-3
23.0,1,0,0,16.0,0,-3
10.0,0,0,0,4.0,0,-3
17.0,0,1,2,51.0,2,9
22.0,0,0,1,40.0,1,3
17.0,0,1,2,26.0,3,-9
18.0,0,0,0,8.0,0,3
28.0,2,0,0,18.0,1,3
21.0,0,1,2,14.0,1,-15
24.0,0,0,0,29.0,1,5
15.0,0,0,0,10.0,1,5
23.0,2,0,0,28.0,2,5
16.0,1,1,2,16.0,2,-12
11.0,0,0,0,16.0,0,4
27.0,1,0,0,8.0,0,4
28.0,1,0,1,43.0,1,4
21.0,2,0,0,14.0,2,4
16.0,1,0,0,3.0,0,4
20.0,0,0,0,32.0,0,4
25.0,0,1,2,27.0,1,-12
21.0,0,0,1,15.0,0,3
20.0,1,1,2,23.0,2,-9
31.0,2,0,0,50.0,2,3
16.0,0,0,0,2.0,0,3
19.0,1,1,2,38.0,2,6
22.0,0,0,0,18.0,0,-2
28.0,1,0,0,24.0,1,-2
19.0,1,0,1,21.0,1,-2
26.0,2,1,2,41.0,0,-9
13.0,0,0,0,8.0,0,3
21.0,1,0,0,14.0,1,3
25.0,0,0,1,16.0,0,3
17.0,0,0,0,5.0,0,6
23.0,2,0,0,39.0,2,6
30.0,1,0,0,32.0,1,6
18.0,0,1,2,11.0,1,-18
24.0,0,1,1,14.0,2,-9
27.0,2,0,0,40.0,2,3
16.0,1,0,0,12.0,1,3
21.0,0,0,0,23.0,1,3
17.0,1,0,0,27.0,1,6
19.0,0,1,2,8.0,0,-18
19.0,0,0,0,15.0,0,6
29.0,1,0,1,29.0,1,6
26.0,0,0,0,33.0,0,4
24.0,2,1,2,19.0,2,-12
16.0,1,0,0,11.0,1,4
18.0,0,0,1,16.0,0,4
20.0,1,0,0,10.0,1,3
20.0,0,0,0,10.0,1,3
17.0,0,0,0,23.0,0,3
25.0,1,1,2,45.0,0,-9
22.0,0,0,1,28.0,1,2
17.0,0,1,2,38.0,2,-6
18.0,1,0,0,13.0,0,2
22.0,0,0,0,15.0,0,2
25.0,0,0,0,12.0,0,4
15.0,1,0,0,24.0,1,4
18.0,0,0,0,10.0,0,4
26.0,1,1,2,29.0,0,-12
18.0,0,0,0,22.0,1,4
22.0,0,0,0,13.0,0,4
15.0,1,0,0,22.0,0,4
29.0,2,1,2,25.0,1,-12
24.0,2,0,1,21.0,1,2
17.0,0,1,2,34.0,2,-6
19.0,0,0,0,11.0,0,2
26.0,0,0,0,21.0,1,2
30.0,2,0,0,31.0,2,5
15.0,0,0,0,26.0,1,5
22.0,1,0,0,14.0,0,5
21.0,0,1,2,16.0,1,-15
21.0,0,0,1,25.0,0,5
17.0,0,1,2,16.0,1,-15
19.0,0,0,0,17.0,0,5
26.0,3,0,0,40.0,4,5
17.0,1,1,2,20.0,0,-15
22.0,1,0,0,27.0,1,5
27.0,0,0,0,21.0,0,5
22.0,1,0,1,17.0,1,5
23.0,1,1,2,24.0,1,-12
20.0,0,0,0,19.0,1,4
23.0,1,0,0,14.0,0,4
21.0,1,0,1,25.0,1,4
20.0,0,0,0,9.0,0,5
26.0,2,0,0,26.0,2,5
18.0,0,1,2,19.0,0,-15
18.0,0,0,1,33.0,0,5
21.0,1,0,0,18.0,1,5
22.0,2,0,0,31.0,2,5
26.0,0,0,0,12.0,0,5
16.0,0,1,2,21.0,0,-15
22.0,1,0,0,20.0,1,2
26.0,1,0,0,24.0,1,2
21.0,1,0,0,14.0,0,2
13.0,0,1,2,33.0,2,-6
17.0,1,0,1,21.0,1,6
21.0,0,1,2,16.0,0,-18
17.0,1,0,0,23.0,2,6
25.0,1,0,0,17.0,1,6
25.0,1,0,0,17.0,0,7
21.0,1,0,0,27.0,1,7
18.0,0,0,0,32.0,1,7
21.0,1,1,2,3.0,0,-21
17.0,0,0,0,16.0,0,5
26.0,0,0,0,16.0,0,5
19.0,2,0,0,38.0,2,5
25.0,1,1,2,16.0,1,-15
16.0,1,0,0,31.0,1,5
25.0,0,0,0,18.0,0,5
17.0,0,0,0,13.0,1,5
21.0,1,1,2,12.0,1,-15
22.0,1,0,0,22.0,1,3
21.0,0,0,0,8.0,0,3
22.0,0,1,1,30.0,0,-9
20.0,1,0,0,21.0,1,3
23.0,0,1,2,6.0,1,-18
19.0,1,0,0,23.0,1,6
16.0,0,0,0,7.0,0,6
25.0,2,0,1,43.0,1,6
26.0,1,0,0,23.0,1,6
23.0,1,0,0,18.0,1,6
17.0,0,0,0,37.0,1,6
14.0,0,1,2,10.0,0,-18
14.0,0,0,0,6.0,0,5
25.0,2,0,0,37.0,2,5
25.0,0,0,0,20.0,0,5
22.0,1,1,2,18.0,0,-15
17.0,1,0,0,25.0,0,2
22.0,0,0,0,15.0,0,2
24.0,2,0,0,17.0,2,2
18.0,0,1,2,28.0,3,-6
26.0,0,0,1,4.0,0,2
14.0,0,0,0,9.0,0,2
21.0,1,1,2,42.0,1,-6
25.0,2,0,0,28.0,2,2
15.0,0,1,2,30.0,1,-12
25.0,1,0,0,22.0,1,4
22.0,0,0,0,24.0,0,4
22.0,0,0,1,7.0,0,4
21.0,0,1,2,6.0,0,-21
19.0,1,0,0,17.0,1,7
27.0,0,0,0,25.0,0,7
19.0,1,0,0,37.0,1,7
37.0,3,1,2,33.0,1,-9
21.0,0,0,0,5.0,0,3
15.0,0,0,0,22.0,0,3
14.0,0,0,1,12.0,0,3
16.0,1,1,2,17.0,1,-15
24.0,1,0,0,28.0,1,5
19.0,0,0,0,18.0,0,5
17.0,1,0,1,17.0,1,5
22.0,1,0,0,25.0,2,4
21.0,0,0,0,19.0,0,4
25.0,0,1,1,23.0,0,-12
17.0,1,0,0,15.0,1,4
21.0,0,0,0,33.0,1,5
24.0,2,0,0,4,1,5
21.0,0,0,0,27.0,0,5
19.0,1,1,2,21.0,1,-15
23.0,1,0,0,28.0,1,5
19.0,0,0,0,16.0,0,5
14.0,0,0,0,19.0,0,5
25.0,1,1,2,14.0,1,-15
18.0,0,1,2,36.0,0,-12
25.0,0,0,0,23.0,1,4
18.0,1,0,0,16.0,1,4
25.0,1,0,1,15.0,1,4
26.0,0,1,2,30.0,1,-12
17.0,0,0,0,5.0,0,4
20.0,1,0,0,15.0,0,4
21.0,1,0,1,21.0,2,4
27.0,1,0,0,25.0,2,-2
20.0,1,0,0,2.0,0,-2
22.0,1,0,0,30.0,1,-2
19.0,0,1,2,38.0,2,6
22.0,1,0,0,37.0,1,4
18.0,0,0,0,2.0,0,4
26.0,1,0,0,32.0,2,4
19.0,0,1,2,21.0,2,-12
18.0,0,1,2,26.0,3,-9
21.0,0,0,0,18.0,0,3
14.0,0,0,0,30.0,0,3
27.0,2,0,1,15.0,1,3
23.0,0,1,2,11.0,1,-18
20.0,1,0,0,21.0,1,6
22.0,1,0,0,19.0,2,6
21.0,1,0,1,30.0,0,6
20.0,0,0,0,33.0,1,4
15.0,0,0,0,5.0,0,4
26.0,2,0,0,17.0,1,4
19.0,0,1,2,31.0,1,-12
22.0,0,0,0,9.0,0,3
31.0,1,1,2,39.0,1,-9
13.0,0,0,0,19.0,0,3
10.0,0,0,0,2.0,0,3
18.0,0,0,0,16.0,1,5
27.0,1,0,0,29.0,1,5
18.0,0,0,0,15.0,0,5
25.0,1,1,2,20.0,0,-15
20.0,0,0,0,22.0,1,4
20.0,2,0,0,17.0,1,4
27.0,1,0,0,10.0,1,4
17.0,0,1,2,31.0,0,-12
18.0,1,0,0,34.0,1,5
19.0,0,0,0,12.0,0,5
25.0,1,0,0,20.0,1,5
22.0,0,1,2,16.0,1,-15
13.0,0,1,2,27.0,2,-9
20.0,1,0,0,13.0,0,3
20.0,1,0,0,13.0,1,3
25.0,1,0,0,38.0,1,3
23.0,0,0,1,27.0,0,6
22.0,2,0,0,25.0,2,6
21.0,1,1,2,13.0,0,-18
22.0,0,0,0,21.0,0,6
20.0,0,0,0,13.0,0,4
21.0,0,1,2,12.0,2,-12
19.0,1,0,0,33.0,1,4
25.0,2,0,1,32.0,2,4
21.0,0,1,2,12.0,1,-15
29.0,2,0,0,35.0,2,5
19.0,0,0,0,14.0,1,5
17.0,0,0,1,17.0,0,5
22.0,0,1,1,23.0,3,-6
18.0,1,0,0,4,1,2
21.0,1,0,0,12.0,0,2
23.0,1,0,0,38.0,0,2
13.0,0,0,0,23.0,0,-2
20.0,0,0,0,8.0,0,-2
21.0,0,1,2,45.0,2,6
33.0,3,0,0,25.0,3,-2
19.0,1,0,0,22.0,1,4
24.0,1,0,0,34.0,1,4
17.0,0,0,0,7.0,0,4
26.0,1,1,1,19.0,0,-12
25.0,0,0,0,8.0,0,-2
18.0,0,1,1,53.0,3,6
22.0,2,0,0,24.0,2,-2
15.0,0,0,0,10.0,0,-2
23.0,1,1,2,27.0,1,-12
20.0,0,0,0,28.0,0,4
29.0,2,0,0,28.0,2,4
13.0,0,0,0,4.0,0,4
20.0,0,0,0,0,0,6
18.0,0,0,0,25.0,0,6
26.0,1,0,0,45.0,1,6
16.0,1,1,2,10.0,0,-18
20.0,1,0,0,22.0,0,5
19.0,0,0,0,17.0,0,5
26.0,0,1,2,20.0,1,-15
18.0,1,0,1,10.0,1,5
18.0,0,0,1,9.0,0,2
28.0,1,0,0,42.0,1,2
20.0,1,1,2,27.0,3,-6
18.0,1,0,0,9.0,0,2
30.0,1,0,0,27.0,0,-1
17.0,0,0,0,16.0,0,-1
11.0,0,0,0,6.0,0,-1
27.0,2,1,1,38.0,3,3
21.0,0,0,0,11.0,0,4
23.0,1,1,2,31.0,0,-12
18.0,0,0,0,25.0,1,4
20.0,2,0,1,8.0,1,4
25.0,2,1,2,28.0,0,-12
19.0,1,0,0,23.0,1,4
13.0,0,0,0,14.0,0,4
21.0,0,0,0,14.0,0,4
28.0,0,1,2,29.0,3,-6
11.0,0,0,0,12.0,0,2
27.0,2,0,0,30.0,2,2
19.0,1,0,1,19.0,1,2
25.0,0,0,1,18.0,0,4
33.0,3,1,2,29.0,1,-12
17.0,0,0,0,8.0,0,4
11.0,0,0,0,25.0,0,4
20.0,0,1,2,33.0,1,-9
19.0,1,0,0,22.0,1,3
23.0,0,0,0,24.0,0,3
23.0,2,0,1,24.0,2,3
21.0,1,0,0,30.0,1,-2
24.0,0,1,2,47.0,2,6
21.0,1,0,0,4.0,0,-2
18.0,1,0,1,11.0,1,-2
14.0,0,1,2,18.0,0,-15
24.0,1,0,0,20.0,1,5
21.0,0,0,0,12.0,0,5
18.0,1,0,1,28.0,1,5
21.0,0,0,0,38.0,1,7
35.0,2,0,0,36.0,2,7
18.0,0,0,0,10.0,0,7
9.0,0,1,2,5.0,0,-21
26.0,3,0,0,10.0,2,3
17.0,0,1,2,32.0,1,-9
22.0,0,0,0,27.0,1,3
18.0,0,0,0,17.0,0,3
30.0,2,0,0,43.0,3,5
13.0,1,0,0,16.0,1,5
21.0,0,0,0,9.0,0,5
19.0,0,1,2,25.0,0,-15
27.0,0,0,1,6.0,0,4
16.0,1,1,2,28.0,0,-12
17.0,0,0,0,40.0,0,4
26.0,2,0,0,17.0,2,4
17.0,0,1,2,10.0,0,-18
22.0,1,0,0,22.0,1,6
26.0,2,0,0,38.0,2,6
16.0,0,0,1,7.0,0,6
18.0,1,0,0,19.0,1,3
25.0,2,0,0,40.0,2,3
19.0,0,0,0,11.0,0,3
17.0,0,1,1,19.0,2,-9
13.0,0,1,2,29.0,1,-12
26.0,2,0,0,26.0,2,4
27.0,1,0,0,33.0,0,4
22.0,0,0,0,6.0,0,4
18.0,1,0,1,23.0,1,6
22.0,1,1,2,16.0,0,-18
24.0,1,0,0,33.0,1,6
24.0,0,0,0,16.0,0,6
18.0,0,0,0,28.0,1,5
20.0,1,0,0,3.0,0,5
25.0,1,0,0,28.0,1,5
25.0,1,1,2,23.0,0,-15
23.0,1,1,2,42.0,4,-6
11.0,0,0,0,8.0,0,2
32.0,2,0,0,37.0,1,2
18.0,0,0,1,9.0,0,2
30.0,2,0,0,29.0,2,3
10.0,0,0,0,3.0,0,3
23.0,1,1,2,23.0,2,-9
22.0,0,0,1,32.0,0,3
22.0,0,0,0,15.0,0,1
22.0,1,0,0,26.0,0,1
12.0,0,0,0,6.0,0,1
28.0,1,1,1,34.0,2,-3
14.0,0,0,0,10.0,0,2
19.0,1,1,2,30.0,3,-6
24.0,0,0,0,31.0,0,2
24.0,2,0,0,20.0,1,2
21.0,0,1,2,13.0,1,-15
22.0,1,0,0,25.0,1,5
20.0,1,0,0,35.0,2,5
24.0,1,0,0,12.0,0,5
18.0,1,0,1,39.0,1,5
22.0,0,1,2,15.0,1,-15
13.0,0,0,0,4.0,0,5
25.0,0,0,0,18.0,0,5
22.0,1,0,0,18.0,1,3
25.0,0,1,2,32.0,1,-9
20.0,1,0,0,13.0,1,3
19.0,1,0,1,27.0,1,3
13.0,0,1,2,2.0,0,-21
19.0,1,0,0,28.0,2,7
27.0,1,0,0,28.0,1,7
25.0,1,0,0,22.0,0,7
17.0,0,0,0,6.0,0,6
30.0,2,0,0,57.0,2,6
19.0,0,0,0,19.0,0,6
15.0,0,1,1,6.0,0,-18
24.0,1,0,1,26.0,2,4
24.0,1,0,0,42.0,1,4
21.0,1,1,2,14.0,2,-12
18.0,0,0,0,12.0,0,4
26.0,1,0,1,18.0,0,-2
16.0,1,0,0,12.0,1,-2
17.0,1,1,2,31.0,3,6
27.0,0,0,0,30.0,0,-2
23.0,1,0,0,15.0,0,6
20.0,1,0,0,39.0,2,6
21.0,0,0,0,15.0,0,6
18.0,1,1,2,8.0,1,-18
16.0,0,0,0,10.0,0,4
24.0,1,0,0,24.0,2,4
23.0,1,0,0,28.0,0,4
18.0,0,1,2,25.0,1,-12
29.0,2,0,0,15.0,1,3
15.0,0,0,0,2.0,0,3
13.0,0,0,0,26.0,0,3
25.0,1,1,2,38.0,1,-9
32.0,2,0,0,26.0,1,2
19.0,1,0,0,17.0,1,2
14.0,0,1,1,23.0,2,-6
14.0,0,0,0,19.0,1,2
20.0,0,0,0,6.0,1,4
26.0,2,0,0,41.0,2,4
17.0,0,0,0,18.0,0,4
21.0,0,1,2,25.0,1,-12
16.0,0,0,0,16.0,0,5
22.0,1,0,0,34.0,1,5
16.0,0,0,0,15.0,0,5
25.0,1,1,2,14.0,1,-15
15.0,0,1,2,17.0,2,-12
28.0,2,0,0,24.0,1,4
15.0,0,0,0,18.0,0,4
26.0,1,0,1,38.0,1,4
33.0,1,1,2,38.0,0,-9
26.0,2,0,0,15.0,1,3
12.0,0,0,0,24.0,1,3
15.0,0,0,1,3.0,0,3
15.0,0,1,2,34.0,2,6
22.0,0,0,0,12.0,0,-2
26.0,2,0,0,36.0,2,-2
17.0,0,0,1,14.0,0,-2
20.0,0,0,1,27.0,0,6
18.0,1,1,2,9.0,0,-18
17.0,1,0,0,18.0,1,6
30.0,1,0,0,26.0,1,6
16.0,0,0,0,24.0,0,5
17.0,0,0,1,22.0,0,5
26.0,2,1,2,17.0,1,-15
26.0,1,0,0,19.0,1,5
19.0,1,1,2,26.0,1,-12
19.0,0,0,0,9.0,0,4
25.0,2,0,0,37.0,2,4
21.0,0,0,1,18.0,0,4
24.0,1,0,0,11.0,1,5
12.0,0,0,0,19.0,0,5
22.0,1,0,0,33.0,1,5
24.0,0,1,2,18.0,1,-15
18.0,1,1,2,31.0,1,-12
24.0,0,0,0,8.0,0,4
24.0,1,0,0,36.0,1,4
18.0,0,0,0,21.0,0,4
12.0,0,0,0,16.0,1,3
30.0,1,0,0,14.0,0,3
15.0,0,1,1,25.0,1,-9
23.0,2,0,0,25.0,2,3
27.0,2,0,0,23.0,2,5
15.0,0,0,0,24.0,0,5
22.0,1,0,0,34.0,1,5
18.0,0,1,2,15.0,1,-15
24.0,1,0,1,31.0,0,5
20.0,2,1,2,20.0,1,-15
17.0,0,0,0,9.0,0,5
25.0,0,0,0,21.0,0,5
32.0,1,0,1,23.0,0,3
23.0,1,0,0,17.0,1,3
19.0,0,1,2,27.0,2,-9
13.0,1,0,0,15.0,1,3
10.0,0,0,0,9.0,0,6
20.0,1,0,0,33.0,3,6
29.0,2,0,0,16.0,1,6
25.0,0,1,2,15.0,0,-18
17.0,0,0,1,3.0,0,6
28.0,1,1,2,16.0,0,-18
22.0,0,0,0,18.0,0,6
13.0,1,0,0,36.0,2,6
34.0,2,0,0,28.0,1,4
18.0,1,0,0,20.0,1,4
18.0,0,0,0,28.0,0,4
17.0,0,1,2,19.0,2,-12
19.0,0,0,0,9.0,0,5
18.0,0,0,0,6.0,0,5
23.0,0,0,0,48.0,0,5
20.0,1,1,2,16.0,1,-15
27.0,0,1,2,11.0,0,-18
16.0,1,0,0,13.0,0,6
17.0,0,0,0,29.0,1,6
28.0,2,0,1,23.0,2,6
23.0,0,1,2,30.0,1,-12
9.0,0,0,0,8.0,1,4
23.0,1,0,0,19.0,0,4
24.0,1,0,0,22.0,1,4
21.0,0,0,0,12.0,0,4
17.0,0,0,0,14.0,0,4
29.0,0,1,2,27.0,1,-12
10.0,0,0,1,23.0,0,4
18.0,0,1,2,29.0,2,-9
23.0,0,0,0,10.0,0,3
16.0,1,0,0,0,0,3
29.0,2,0,0,51.0,3,3
19.0,1,1,2,23.0,1,-12
21.0,1,0,0,25.0,1,4
24.0,1,0,0,17.0,1,4
21.0,0,0,1,21.0,0,4
28.0,1,0,0,23.0,0,2
16.0,0,1,2,32.0,2,-6
18.0,0,0,0,8.0,0,2
22.0,1,0,1,24.0,1,2
23.0,1,0,0,12.0,1,-2
23.0,2,0,0,19.0,1,-2
16.0,0,0,0,14.0,0,-2
26.0,0,1,2,39.0,2,6
28.0,0,1,2,42.0,1,-6
17.0,0,0,0,16.0,1,2
25.0,1,0,0,23.0,0,2
14.0,1,0,1,6.0,1,2
24.0,1,0,0,21.0,1,5
17.0,0,0,0,13.0,0,5
15.0,0,1,2,20.0,1,-15
28.0,2,0,1,37.0,2,5
29.0,1,0,0,22.0,1,-2
13.0,0,0,0,14.0,0,-2
25.0,1,0,0,20.0,1,-2
19.0,1,1,2,49.0,1,6
13.0,0,0,1,11.0,0,3
35.0,2,1,2,22.0,3,-9
16.0,1,0,0,14.0,0,3
16.0,0,0,0,18.0,0,3
17.0,1,1,2,26.0,0,-15
20.0,0,0,0,18.0,0,5
20.0,0,0,0,13.0,0,5
22.0,1,0,0,19.0,1,5
20.0,1,0,0,28.0,1,6
23.0,1,0,0,21.0,1,6
12.0,0,0,0,10.0,0,6
29.0,1,1,2,8.0,0,-18
22.0,0,0,0,34.0,0,5
26.0,1,0,0,17.0,1,5
16.0,0,0,0,10.0,0,5
20.0,1,1,2,20.0,1,-15
30.0,1,0,0,31.0,1,4
13.0,0,0,0,22.0,0,4
23.0,1,0,0,19.0,1,4
20.0,1,1,2,17.0,2,-12
16.0,0,0,0,11.0,0,6
28.0,1,0,0,29.0,1,6
22.0,1,0,0,41.0,1,6
20.0,1,1,2,11.0,0,-18
21.0,1,0,0,15.0,1,-2
27.0,0,0,0,31.0,2,-2
19.0,1,0,0,22.0,0,-2
17.0,0,1,2,30.0,3,6
21.0,0,1,1,34.0,0,-9
23.0,1,0,0,23.0,1,3
16.0,0,0,0,14.0,1,3
24.0,2,0,0,13.0,1,3
27.0,1,1,2,28.0,2,-9
24.0,1,0,0,21.0,1,3
20.0,1,0,0,25.0,1,3
14.0,0,0,1,6.0,0,3
20.0,1,0,0,23.0,1,1
28.0,2,0,0,16.0,2,1
20.0,0,0,0,28.0,0,1
18.0,0,1,1,27.0,3,-3
20.0,0,0,0,13.0,0,4
19.0,1,0,0,10.0,0,4
21.0,2,0,0,32.0,2,4
23.0,0,1,2,28.0,1,-12
15.0,0,0,1,17.0,2,4
17.0,0,1,2,29.0,1,-12
29.0,0,0,0,41.0,1,4
23.0,2,0,0,11.0,1,4
18.0,1,1,2,38.0,2,6
29.0,0,0,0,16.0,0,-2
12.0,0,0,0,8.0,0,-2
18.0,1,0,1,23.0,1,-2
22.0,1,0,0,12.0,2,3
17.0,0,0,0,10.0,0,3
22.0,1,0,0,41.0,1,3
24.0,0,1,1,25.0,1,-9
17.0,0,0,0,2.0,0,4
29.0,3,0,0,50.0,3,4
17.0,0,1,1,20.0,1,-12
24.0,0,0,0,14.0,0,4
16.0,0,0,0,17.0,0,6
25.0,2,0,0,36.0,2,6
24.0,1,0,0,22.0,1,6
20.0,0,1,2,7.0,0,-18
24.0,0,1,2,23.0,0,-15
19.0,1,0,0,17.0,1,5
24.0,1,0,0,34.0,1,5
21.0,1,0,1,10.0,1,5
24.0,1,0,1,27.0,1,4
27.0,0,0,0,24.0,0,4
19.0,1,1,2,27.0,1,-12
18.0,1,0,0,12.0,1,4
21.0,1,0,0,33.0,1,3
19.0,1,0,0,8.0,1,3
20.0,0,1,1,16.0,2,-9
22.0,1,0,0,25.0,0,3
30.0,2,0,1,29.0,3,4
21.0,0,1,2,21.0,2,-12
13.0,0,0,0,24.0,0,4
23.0,1,0,0,23.0,1,4
18.0,1,1,2,6.0,0,-21
24.0,0,0,0,14.0,0,7
13.0,0,0,0,22.0,0,7
23.0,1,0,1,30.0,1,7
32.0,0,1,2,11.0,0,-18
11.0,0,0,0,12.0,0,6
17.0,0,0,0,10.0,0,6
22.0,2,0,0,28.0,2,6
23.0,1,0,0,15.0,0,4
22.0,2,0,0,32.0,3,4
18.0,0,0,0,15.0,0,4
20.0,0,1,1,26.0,0,-12
24.0,1,0,0,22.0,1,2
11.0,0,0,0,14.0,1,2
27.0,2,0,0,20.0,1,2
22.0,0,1,2,32.0,2,-6
29.0,0,0,0,51.0,1,5
23.0,2,0,0,24.0,2,5
24.0,1,0,0,10.0,1,5
12.0,0,1,1,14.0,0,-15
13.0,0,0,0,25.0,2,4
22.0,0,1,2,22.0,1,-12
29.0,2,0,0,25.0,2,4
19.0,1,0,1,12.0,0,4
24.0,0,0,0,14.0,0,3
23.0,1,1,1,30.0,0,-9
13.0,0,0,0,34.0,2,3
28.0,1,0,0,10.0,0,3
14.0,0,0,1,10.0,0,5
29.0,1,0,0,44.0,2,5
19.0,0,1,2,16.0,1,-15
19.0,0,0,0,17.0,0,5
23.0,2,0,0,21.0,2,5
23.0,0,0,0,14.0,0,5
15.0,0,0,0,26.0,0,5
25.0,1,1,2,13.0,1,-15
29.0,2,0,0,21.0,2,3
22.0,1,0,0,8.0,0,3
14.0,0,0,0,15.0,0,3
17.0,0,1,2,35.0,1,-9
17.0,0,0,0,5.0,0,-2
21.0,0,0,0,11.0,0,-2
29.0,2,0,0,35.0,1,-2
20.0,1,1,2,40.0,2,6
24.0,1,0,1,25.0,1,-3
13.0,0,0,0,12.0,0,-3
16.0,0,1,2,50.0,3,9
31.0,2,0,0,17.0,1,-3
22.0,1,0,0,33.0,2,4
23.0,1,0,0,28.0,0,4
19.0,0,0,0,14.0,0,4
15.0,0,1,2,16.0,2,-12
23.0,1,1,2,32.0,2,-6
15.0,0,0,0,10.0,0,2
22.0,1,0,0,31.0,1,2
25.0,1,0,1,11.0,0,2
22.0,2,0,0,20.0,1,3
19.0,0,0,0,32.0,1,3
22.0,0,0,0,21.0,0,3
24.0,1,1,1,12.0,2,-9
29.0,1,1,2,28.0,3,-6
24.0,1,0,0,22.0,0,2
16.0,0,0,0,21.0,1,2
16.0,1,0,1,10.0,1,2
18.0,0,1,2,15.0,1,-15
18.0,2,0,0,24.0,2,5
19.0,0,0,0,17.0,0,5
18.0,0,0,1,14.0,0,5
18.0,0,1,2,30.0,0,-12
21.0,1,0,0,33.0,1,4
20.0,2,0,0,33.0,2,4
29.0,0,0,1,0,0,4
29.0,0,0,0,34.0,0,3
17.0,1,0,0,9.0,1,3
19.0,1,0,0,18.0,0,3
23.0,1,1,2,29.0,2,-9
17.0,1,1,1,19.0,2,-9
25.0,1,0,0,39.0,1,3
18.0,0,0,0,6.0,0,3
21.0,0,0,0,30.0,0,3
17.0,1,0,0,29.0,0,6
18.0,0,0,0,27.0,0,6
24.0,1,1,2,14.0,0,-18
21.0,1,0,1,14.0,2,6
25.0,2,0,1,33.0,2,5
21.0,0,0,0,21.0,0,5
26.0,1,1,2,18.0,1,-15
13.0,0,0,0,19.0,0,5
19.0,0,0,0,12.0,0,4
21.0,0,0,0,29.0,0,4
25.0,2,0,0,15.0,2,4
19.0,1,1,2,27.0,1,-12
26.0,0,1,2,24.0,2,-9
19.0,2,0,0,27.0,1,3
22.0,1,0,0,24.0,1,3
18.0,0,0,0,21.0,1,3
26.0,1,1,2,32.0,1,-9
17.0,1,0,0,23.0,1,3
23.0,0,0,0,13.0,0,3
17.0,0,0,1,17.0,0,3
11.0,0,1,2,22.0,0,-15
22.0,1,0,0,32.0,1,5
28.0,1,0,0,21.0,1,5
24.0,1,0,1,23.0,1,5
26.0,1,0,0,20.0,0,5
18.0,1,0,0,41.0,2,5
25.0,0,0,0,8.0,0,5
19.0,1,1,2,19.0,0,-15
23.0,1,1,2,54.0,1,6
16.0,0,0,0,13.0,1,-2
24.0,1,0,0,27.0,0,-2
17.0,0,0,0,2.0,0,-2
24.0,1,0,0,26.0,0,6
26.0,0,0,0,11.0,0,6
13.0,0,0,0,38.0,2,6
19.0,0,1,2,15.0,0,-18
23.0,1,0,1,32.0,3,6
9.0,0,1,2,13.0,0,-18
24.0,0,0,0,26.0,0,6
18.0,1,0,0,14.0,0,6
25.0,1,1,2,40.0,2,6
20.0,0,0,0,14.0,0,-2
19.0,1,0,0,17.0,1,-2
23.0,1,0,1,16.0,1,-2
20.0,0,1,1,23.0,1,-9
26.0,3,0,0,39.0,3,3
18.0,0,0,0,7.0,0,3
20.0,0,0,0,18.0,0,3
13.0,1,0,0,2.0,0,-3
17.0,0,0,0,5.0,0,-3
16.0,0,0,0,22.0,0,-3
39.0,2,1,2,55.0,3,9
26.0,0,0,0,13.0,0,3
19.0,1,0,0,25.0,1,3
19.0,0,0,0,19.0,0,3
20.0,2,1,1,27.0,1,-9
22.0,0,1,2,15.0,1,-15
12.0,0,0,0,4.0,0,5
24.0,1,0,0,14.0,1,5
23.0,1,0,1,47.0,2,5
22.0,1,1,2,19.0,0,-15
28.0,1,0,0,22.0,1,5
14.0,0,0,0,27.0,0,5
20.0,1,0,0,13.0,1,5
23.0,1,1,2,30.0,2,-9
20.0,1,0,0,21.0,1,3
21.0,1,0,0,10.0,1,3
21.0,0,0,1,22.0,0,3
15.0,0,0,0,0,0,4
24.0,0,0,0,35.0,1,4
25.0,2,0,0,25.0,1,4
17.0,1,1,1,19.0,0,-12
21.0,1,1,2,29.0,2,-9
15.0,0,0,0,17.0,0,3
18.0,0,0,0,25.0,0,3
26.0,1,0,0,16.0,1,3
16.0,0,0,0,6.0,0,2
26.0,2,0,0,36.0,3,2
21.0,1,0,0,19.0,0,2
23.0,0,1,2,27.0,3,-6
23.0,0,0,0,23.0,0,5
15.0,0,1,1,16.0,0,-15
20.0,1,0,0,28.0,2,5
26.0,2,0,0,17.0,1,5
17.0,0,1,2,27.0,1,-12
18.0,1,0,0,19.0,1,4
25.0,1,0,0,20.0,1,4
20.0,1,0,1,25.0,1,4
17.0,1,1,2,53.0,1,6
21.0,1,0,0,4,1,-2
26.0,0,0,0,22.0,0,-2
18.0,1,0,1,24.0,1,-2
27.0,0,1,2,36.0,1,-9
12.0,0,0,0,0,0,3
22.0,1,0,0,17.0,1,3
18.0,1,0,0,22.0,0,3
19.0,1,1,2,46.0,1,-6
20.0,1,0,0,25.0,1,2
26.0,1,0,0,5.0,0,2
19.0,0,0,1,18.0,0,2
17.0,0,1,2,25.0,1,-12
18.0,0,0,0,15.0,0,4
19.0,2,0,0,15.0,1,4
26.0,1,0,1,22.0,1,4
18.0,1,0,1,13.0,1,-2
20.0,0,0,0,7.0,0,-2
19.0,0,1,2,36.0,2,6
25.0,1,0,0,27.0,0,-2
24.0,1,1,2,27.0,1,-12
15.0,0,0,0,11.0,0,4
26.0,2,0,0,35.0,2,4
17.0,0,0,1,15.0,0,4
24.0,1,0,1,16.0,2,-2
18.0,0,0,0,7.0,0,-2
22.0,2,1,2,33.0,2,6
20.0,0,0,0,38.0,0,-2
21.0,0,0,1,27.0,0,-2
22.0,1,0,0,23.0,1,-2
21.0,1,1,2,35.0,2,6
18.0,0,0,0,4.0,0,-2
19.0,0,0,0,8.0,0,2
24.0,0,1,2,35.0,2,-6
20.0,1,0,0,13.0,1,2
25.0,2,0,1,38.0,3,2
15.0,0,0,0,5.0,0,3
20.0,0,0,0,23.0,0,3
25.0,0,1,2,33.0,1,-9
21.0,2,0,1,21.0,1,3
19.0,1,1,2,15.0,0,-18
28.0,0,0,0,27.0,0,6
15.0,0,0,0,8.0,0,6
22.0,1,0,0,32.0,1,6
24.0,1,0,0,26.0,1,4
12.0,0,0,0,9.0,0,4
23.0,2,0,0,34.0,2,4
19.0,0,1,2,21.0,2,-12
27.0,2,0,0,51.0,1,2
28.0,0,0,0,3.0,0,2
16.0,0,0,0,15.0,0,2
11.0,0,1,2,31.0,4,-6
14.0,0,0,0,12.0,1,2
18.0,0,0,0,10.0,0,2
22.0,2,0,0,32.0,2,2
24.0,0,1,2,32.0,2,-6
24.0,0,1,2,17.0,0,-15
17.0,0,0,0,17.0,1,5
17.0,2,0,0,8.0,1,5
27.0,1,0,1,38.0,2,5
13.0,0,0,0,16.0,0,3
28.0,1,0,0,24.0,1,3
26.0,1,0,0,23.0,1,3
19.0,1,1,1,25.0,1,-9
29.0,1,0,0,33.0,2,5
11.0,0,0,0,16.0,0,5
21.0,1,0,0,17.0,0,5
23.0,1,1,2,13.0,1,-15
20.0,1,1,2,39.0,2,6
18.0,0,0,0,10.0,0,-2
26.0,1,0,0,38.0,2,-2
24.0,1,0,0,6.0,0,-2
15.0,0,1,2,43.0,5,-6
26.0,2,0,0,21.0,1,2
21.0,1,0,0,17.0,0,2
19.0,0,0,1,11.0,0,2
18.0,1,1,2,9.0,0,-18
24.0,0,0,0,27.0,0,6
22.0,2,0,0,22.0,2,6
23.0,0,0,1,29.0,0,6
28.0,1,1,2,38.0,2,6
23.0,1,0,0,20.0,0,-2
17.0,0,0,0,0,0,-2
13.0,1,0,1,17.0,1,-2
15.0,0,1,2,22.0,4,-9
26.0,2,0,0,25.0,2,3
27.0,0,0,0,22.0,0,3
20.0,1,0,0,29.0,0,3
34.0,2,1,2,27.0,1,-12
18.0,0,0,0,15.0,0,4
12.0,0,0,0,5.0,0,4
18.0,0,0,1,27.0,1,4
27.0,1,0,0,21.0,0,4
22.0,0,0,0,11.0,0,4
22.0,2,0,0,37.0,3,4
16.0,0,1,2,23.0,1,-12
17.0,1,1,2,37.0,0,-9
36.0,2,0,0,31.0,2,3
23.0,0,0,0,7.0,0,3
12.0,0,0,1,18.0,0,3
22.0,1,1,1,24.0,0,-12
21.0,0,0,0,14.0,0,4
25.0,2,0,0,23.0,2,4
17.0,0,0,0,26.0,0,4
21.0,0,0,0,37.0,0,6
16.0,0,0,0,8.0,0,6
15.0,1,0,0,20.0,2,6
32.0,1,1,2,8.0,1,-18
22.0,1,1,2,19.0,1,-15
30.0,2,0,0,28.0,2,5
15.0,0,0,0,30.0,0,5
21.0,0,0,1,11.0,0,5
24.0,0,0,0,17.0,0,3
12.0,0,1,2,26.0,2,-9
23.0,2,0,0,26.0,1,3
19.0,0,0,1,14.0,0,3
20.0,0,0,0,46.0,0,3
27.0,1,0,0,15.0,1,3
20.0,1,0,0,4,1,3
21.0,1,1,2,29.0,2,-9
23.0,2,0,0,29.0,1,-2
17.0,0,0,0,10.0,0,-2
26.0,1,0,0,15.0,1,-2
22.0,0,1,2,41.0,2,6
22.0,1,0,1,8.0,1,5
18.0,0,0,0,41.0,0,5
12.0,0,1,2,18.0,1,-15
27.0,1,0,0,23.0,1,5
18.0,1,0,0,23.0,1,2
26.0,0,1,2,37.0,2,-6
13.0,0,0,0,2.0,0,2
27.0,1,0,1,24.0,0,2
35.0,2,0,0,51.0,3,-2
21.0,1,0,0,16.0,1,-2
14.0,0,0,0,2.0,0,-2
17.0,0,1,2,31.0,3,6
17.0,0,0,0,30.0,1,5
20.0,0,0,0,21.0,0,5
18.0,0,0,0,14.0,0,5
29.0,1,1,2,15.0,1,-15
25.0,0,0,0,22.0,0,4
22.0,0,0,0,13.0,0,4
16.0,1,0,0,21.0,1,4
23.0,1,1,2,30.0,1,-12
18.0,1,0,1,16.0,1,4
26.0,1,1,2,22.0,1,-12
20.0,1,0,0,18.0,1,4
23.0,0,0,0,29.0,0,4
16.0,0,1,2,25.0,1,-12
24.0,2,0,0,17.0,1,4
12.0,0,0,0,14.0,0,4
28.0,0,0,1,31.0,0,4
27.0,3,0,0,39.0,3,3
23.0,0,0,0,25.0,0,3
19.0,0,0,0,0,0,3
17.0,0,1,2,33.0,1,-9
13.0,0,1,2,32.0,1,-9
22.0,2,0,0,42.0,3,3
25.0,0,0,0,4.0,0,3
27.0,1,0,0,26.0,0,3
19.0,1,1,2,32.0,2,-6
21.0,1,0,0,38.0,3,2
20.0,0,0,0,4.0,0,2
22.0,1,0,1,14.0,0,2
20.0,0,0,1,17.0,0,-2
30.0,3,1,2,39.0,2,6
13.0,0,0,0,11.0,0,-2
16.0,0,0,0,6.0,0,-2
21.0,1,0,1,15.0,1,4
18.0,1,1,2,28.0,1,-12
18.0,1,0,0,17.0,1,4
26.0,0,0,0,23.0,0,4
18.0,1,0,0,29.0,3,5
21.0,0,0,0,9.0,0,5
17.0,0,0,0,16.0,0,5
24.0,0,1,2,21.0,0,-15
25.0,0,0,0,42.0,1,5
13.0,1,1,2,16.0,1,-15
25.0,1,0,0,18.0,1,5
14.0,0,0,0,4.0,0,5
21.0,0,1,2,35.0,2,-6
21.0,2,0,0,10.0,1,2
24.0,1,0,0,31.0,2,2
21.0,0,0,0,15.0,0,2
20.0,1,0,1,2.0,0,4
27.0,1,1,2,29.0,0,-12
17.0,1,0,0,30.0,2,4
20.0,0,0,0,20.0,0,4
11.0,0,0,0,26.0,0,6
28.0,0,0,0,35.0,0,6
23.0,2,0,0,12.0,2,6
18.0,1,1,2,8.0,0,-18
18.0,1,1,2,12.0,0,-18
17.0,0,0,0,25.0,0,6
25.0,1,0,0,34.0,2,6
25.0,1,0,1,7.0,0,6
24.0,1,0,0,33.0,0,3
17.0,0,0,0,13.0,0,3
19.0,0,0,0,14.0,0,3
26.0,2,1,1,30.0,1,-9
22.0,2,0,0,6.0,1,3
15.0,0,0,0,14.0,0,3
20.0,0,0,0,27.0,0,3
31.0,1,1,2,46.0,5,-9
26.0,1,0,0,29.0,1,6
21.0,0,0,0,24.0,0,6
20.0,1,0,0,21.0,1,6
21.0,1,1,2,12.0,0,-18
20.0,2,0,0,20.0,2,2
16.0,0,0,0,12.0,1,2
21.0,0,0,0,11.0,0,2
24.0,0,1,2,37.0,2,-6
16.0,1,0,1,12.0,0,3
20.0,1,1,2,33.0,1,-9
19.0,0,0,0,19.0,0,3
32.0,0,0,0,25.0,0,3
24.0,1,0,0,19.0,1,4
23.0,0,1,2,18.0,2,-12
11.0,0,0,0,25.0,0,4
24.0,1,0,1,14.0,1,4
28.0,0,1,2,38.0,1,-9
23.0,0,0,0,14.0,0,3
19.0,2,0,0,13.0,1,3
14.0,0,0,1,7.0,0,3
20.0,1,0,0,16.0,1,2
21.0,1,1,2,37.0,4,-6
25.0,0,0,0,17.0,0,2
17.0,0,0,1,23.0,0,2
27.0,1,1,2,13.0,1,-15
11.0,0,0,0,11.0,0,5
18.0,0,0,0,9.0,0,5
30.0,2,0,1,46.0,2,5
31.0,1,0,0,14.0,1,-2
11.0,0,0,0,22.0,0,-2
27.0,2,1,2,36.0,2,6
15.0,0,0,1,12.0,0,-2
16.0,0,0,0,2.0,0,4
12.0,0,0,0,8.0,0,4
21.0,1,0,0,26.0,2,4
25.0,0,1,2,31.0,1,-12
15.0,0,1,2,23.0,1,-12
25.0,1,0,0,8.0,1,4
17.0,0,0,0,33.0,0,4
27.0,2,0,1,22.0,1,4
21.0,1,1,1,36.0,1,-6
25.0,0,0,0,12.0,0,2
16.0,1,0,0,13.0,0,2
25.0,1,0,0,24.0,1,2
20.0,0,0,0,26.0,1,4
22.0,1,0,0,28.0,0,4
21.0,1,0,0,8.0,1,4
23.0,0,1,2,24.0,1,-12
16.0,0,0,0,13.0,0,3
22.0,1,0,0,29.0,0,3
24.0,0,0,0,18.0,0,3
26.0,2,1,2,22.0,2,-9
22.0,1,0,0,10.0,1,3
26.0,0,0,0,9.0,0,3
13.0,1,0,0,23.0,1,3
25.0,1,1,2,38.0,0,-9
17.0,0,1,2,16.0,1,-15
17.0,0,0,0,14.0,0,5
24.0,1,0,0,15.0,0,5
28.0,2,0,0,35.0,2,5
33.0,0,0,0,29.0,0,4
18.0,1,0,0,9.0,0,4
16.0,1,1,2,23.0,1,-12
20.0,0,0,1,26.0,2,4
27.0,0,0,0,23.0,0,6
35.0,2,0,0,41.0,2,6
13.0,1,0,0,25.0,1,6
12.0,0,1,1,5.0,0,-18
12.0,0,0,0,28.0,0,4
29.0,1,0,0,14.0,0,4
25.0,1,0,0,23.0,1,4
19.0,1,1,2,26.0,1,-12
23.0,2,1,2,20.0,3,-9
16.0,0,0,0,5.0,0,3
23.0,0,0,0,37.0,0,3
11.0,0,0,1,11.0,0,3
23.0,1,1,2,13.0,0,-18
21.0,0,0,0,13.0,0,6
22.0,1,0,0,39.0,2,6
19.0,1,0,0,17.0,0,6
22.0,0,0,0,8.0,0,5
33.0,3,1,2,21.0,0,-15
10.0,0,0,0,6.0,0,5
20.0,0,0,1,32.0,0,5
13.0,0,1,2,19.0,1,-15
31.0,2,0,0,44.0,2,5
27.0,1,0,0,26.0,1,5
11.0,0,0,1,0,0,5
22.0,1,1,2,33.0,1,-9
22.0,2,0,0,16.0,2,3
14.0,0,0,0,0,0,3
24.0,0,0,1,38.0,0,3
20.0,1,0,0,21.0,1,3
17.0,1,0,0,12.0,1,3
20.0,0,1,1,30.0,1,-9
25.0,0,0,0,16.0,0,3
20.0,0,0,0,5.0,0,5
27.0,1,0,1,55.0,2,5
20.0,2,1,2,17.0,0,-15
17.0,0,0,0,11.0,0,5
20.0,0,0,1,33.0,0,7
18.0,1,0,0,25.0,1,7
19.0,1,1,2,6.0,0,-21
28.0,0,0,0,24.0,1,7
25.0,1,0,0,27.0,1,5
20.0,1,1,2,21.0,1,-15
22.0,1,0,0,13.0,0,5
21.0,0,0,1,29.0,2,5
21.0,0,1,2,23.0,1,-12
17.0,0,0,0,2.0,0,4
21.0,0,0,0,28.0,1,4
18.0,1,0,1,23.0,1,4
19.0,0,1,2,14.0,1,-15
18.0,0,0,0,28.0,1,5
28.0,2,0,0,34.0,3,5
17.0,0,0,0,7.0,0,5
22.0,1,1,2,24.0,0,-15
17.0,1,0,0,4,1,5
25.0,0,0,0,33.0,0,5
24.0,1,0,0,26.0,2,5
27.0,1,0,0,34.0,1,6
24.0,0,0,0,41.0,0,6
18.0,0,0,0,5.0,0,6
15.0,0,1,2,11.0,1,-18
24.0,1,0,1,17.0,1,6
28.0,2,1,2,8.0,0,-18
17.0,0,0,0,27.0,0,6
15.0,0,0,0,17.0,0,6
33.0,1,0,0,26.0,1,5
15.0,0,0,0,18.0,0,5
17.0,1,0,0,27.0,2,5
18.0,1,1,2,20.0,0,-15
16.0,0,0,0,18.0,0,3
20.0,0,0,0,38.0,1,3
22.0,1,0,0,2.0,0,3
27.0,2,1,2,30.0,2,-9
27.0,1,0,0,29.0,1,2
14.0,0,0,0,17.0,0,2
26.0,1,0,0,18.0,0,2
19.0,1,1,2,32.0,3,-6
16.0,0,0,0,33.0,0,4
15.0,0,0,0,6.0,0,4
26.0,0,0,0,20.0,1,4
28.0,2,1,2,21.0,2,-12
15.0,0,0,0,11.0,1,-4
20.0,0,1,2,68.0,2,12
22.0,0,0,0,2.0,0,-4
31.0,2,0,0,17.0,1,-4
16.0,0,1,2,26.0,3,-9
21.0,0,0,0,26.0,0,3
21.0,0,0,0,25.0,1,3
26.0,3,0,1,20.0,2,3
18.0,0,0,0,33.0,1,6
18.0,0,0,0,20.0,0,6
25.0,2,0,0,21.0,1,6
19.0,1,1,2,12.0,0,-18
23.0,1,0,0,25.0,1,-2
21.0,0,0,1,14.0,0,-2
20.0,0,1,2,38.0,3,6
24.0,1,0,0,15.0,1,-2
20.0,0,0,0,28.0,0,3
17.0,1,1,2,34.0,1,-9
18.0,0,0,0,32.0,0,3
25.0,1,0,1,15.0,1,3
23.0,0,0,0,31.0,1,6
23.0,2,0,0,30.0,2,6
21.0,0,1,2,10.0,0,-18
21.0,0,0,1,19.0,0,6
18.0,0,1,2,8.0,1,-18
22.0,0,0,0,19.0,1,6
28.0,2,0,0,30.0,1,6
19.0,1,0,1,28.0,1,6
21.0,1,0,0,8.0,0,2
21.0,0,0,0,31.0,0,2
22.0,1,0,0,23.0,1,2
17.0,1,1,2,32.0,2,-6
15.0,0,0,0,20.0,0,5
29.0,0,0,0,12.0,0,5
21.0,2,0,0,30.0,3,5
23.0,1,1,2,21.0,1,-15
23.0,2,0,0,8.0,1,5
19.0,0,0,0,38.0,1,5
25.0,1,0,0,19.0,1,5
20.0,0,1,2,23.0,0,-15
15.0,0,0,0,0,0,4
19.0,0,1,2,22.0,1,-12
22.0,2,0,0,53.0,2,4
26.0,0,0,1,12.0,0,4
16.0,0,0,0,14.0,1,5
24.0,1,1,2,21.0,0,-15
24.0,0,0,0,22.0,0,5
20.0,2,0,0,23.0,1,5
29.0,1,1,2,30.0,2,-9
23.0,0,0,0,21.0,0,3
19.0,1,0,0,13.0,0,3
12.0,0,0,1,12.0,0,3
23.0,1,1,2,19.0,2,-12
14.0,0,0,0,17.0,1,4
24.0,1,0,0,41.0,1,4
21.0,1,0,1,6.0,0,4
23.0,1,0,0,11.0,1,4
23.0,0,1,2,25.0,1,-12
11.0,0,0,0,17.0,0,4
30.0,2,0,1,29.0,1,4
21.0,1,0,0,4,1,3
24.0,1,1,2,44.0,0,-9
23.0,0,0,0,6.0,0,3
14.0,0,0,1,25.0,0,3
24.0,1,0,0,27.0,1,3
10.0,0,0,0,11.0,0,3
29.0,1,0,0,35.0,2,3
22.0,0,1,2,20.0,3,-9
28.0,1,0,0,30.0,1,5
17.0,0,0,0,20.0,1,5
26.0,1,0,0,25.0,0,5
17.0,1,1,2,15.0,1,-15
17.0,0,0,0,10.0,0,2
12.0,0,1,2,30.0,4,-6
22.0,1,0,0,9.0,0,2
34.0,2,0,1,52.0,2,2
16.0,0,0,0,22.0,1,3
25.0,2,0,0,22.0,1,3
15.0,0,0,0,12.0,0,3
27.0,1,1,2,32.0,1,-9
28.0,1,0,0,18.0,1,2
15.0,0,0,0,3.0,0,2
21.0,1,0,0,24.0,1,2
17.0,1,1,2,42.0,1,-6
18.0,1,1,2,23.0,1,-12
17.0,1,0,0,20.0,1,4
23.0,0,0,0,18.0,0,4
24.0,1,0,1,30.0,1,4
22.0,1,0,0,26.0,2,6
23.0,1,0,0,28.0,0,6
18.0,0,0,0,15.0,0,6
22.0,1,1,2,8.0,1,-18
25.0,2,1,2,24.0,1,-12
21.0,0,0,0,30.0,0,4
21.0,1,0,0,19.0,1,4
21.0,0,0,1,14.0,0,4
28.0,1,0,0,27.0,3,-2
21.0,1,0,0,13.0,0,-2
20.0,0,0,0,19.0,0,-2
16.0,0,1,2,37.0,2,6
19.0,0,0,0,9.0,0,5
13.0,0,0,0,20.0,0,5
23.0,1,0,0,22.0,1,5
33.0,2,1,2,18.0,1,-15
23.0,3,0,0,34.0,2,6
15.0,0,1,2,9.0,1,-18
23.0,0,0,0,36.0,1,6
23.0,0,0,1,6.0,0,6
27.0,1,1,2,29.0,1,-12
18.0,0,0,0,28.0,0,4
20.0,1,0,0,12.0,1,4
19.0,0,0,1,10.0,0,4
18.0,1,1,2,49.0,0,-6
21.0,0,0,0,9.0,0,2
28.0,2,0,0,26.0,2,2
20.0,0,0,1,12.0,0,2
29.0,1,0,0,34.0,0,2
18.0,1,0,0,28.0,1,2
20.0,1,0,0,7.0,1,2
21.0,0,1,2,33.0,4,-6
15.0,0,0,0,24.0,1,6
21.0,1,0,0,18.0,0,6
26.0,1,1,2,10.0,0,-18
18.0,0,0,1,22.0,0,6
13.0,0,0,0,2.0,0,4
27.0,1,0,0,32.0,1,4
22.0,0,0,0,22.0,1,4
20.0,1,1,2,28.0,0,-12
17.0,1,0,0,13.0,1,5
24.0,1,0,0,18.0,1,5
24.0,0,0,0,44.0,0,5
18.0,1,1,2,18.0,1,-15
22.0,0,0,0,38.0,0,3
28.0,2,0,0,26.0,2,3
13.0,0,0,0,2.0,0,3
21.0,1,1,2,24.0,2,-9
24.0,1,1,2,31.0,1,-12
16.0,0,0,0,20.0,1,4
21.0,0,0,0,17.0,0,4
19.0,1,0,1,5.0,0,4
21.0,0,0,0,13.0,0,6
17.0,0,0,0,26.0,1,6
25.0,2,0,0,31.0,1,6
25.0,1,1,2,14.0,0,-18
21.0,1,1,2,46.0,4,-9
13.0,0,0,0,7.0,0,3
22.0,2,0,0,7.0,0,3
18.0,0,0,1,17.0,0,3
24.0,1,0,0,34.0,1,4
16.0,0,0,0,16.0,0,4
30.0,1,1,1,17.0,0,-12
11.0,0,0,0,8.0,0,4
22.0,1,0,0,13.0,1,5
21.0,1,0,0,29.0,1,5
22.0,0,1,2,17.0,0,-15
23.0,1,0,0,27.0,1,5
23.0,0,0,0,27.0,0,4
32.0,1,1,2,21.0,2,-12
17.0,1,0,0,18.0,1,4
11.0,0,0,1,12.0,0,4
21.0,2,0,0,30.0,2,5
23.0,0,0,0,9.0,0,5
22.0,0,0,0,28.0,1,5
18.0,0,1,2,21.0,0,-15
32.0,1,1,2,25.0,1,-12
20.0,1,0,0,13.0,1,4
19.0,0,0,0,23.0,0,4
16.0,1,0,1,8.0,1,4
23.0,1,0,0,20.0,1,2
17.0,1,0,0,13.0,0,2
24.0,1,0,0,27.0,1,2
24.0,0,1,2,31.0,3,-6
18.0,0,0,0,5.0,0,6
18.0,1,0,0,32.0,2,6
28.0,2,0,0,39.0,1,6
19.0,0,1,2,8.0,0,-18
22.0,1,0,1,21.0,1,5
23.0,1,1,2,21.0,0,-15
19.0,1,0,0,13.0,1,5
17.0,0,0,0,20.0,0,5
16.0,0,1,2,20.0,2,-12
18.0,1,0,0,14.0,0,4
22.0,0,0,0,11.0,0,4
30.0,2,0,1,41.0,2,4
21.0,1,1,2,17.0,1,-15
19.0,2,0,0,18.0,1,5
13.0,0,0,0,14.0,1,5
32.0,0,0,1,34.0,0,5
20.0,2,0,0,19.0,1,3
23.0,0,0,0,13.0,0,3
21.0,1,0,0,22.0,1,3
23.0,0,1,2,30.0,2,-9
18.0,1,0,0,17.0,1,2
11.0,0,0,0,13.0,0,2
26.0,1,0,0,22.0,1,2
21.0,0,1,1,28.0,2,-6
25.0,0,0,1,23.0,0,4
16.0,0,0,0,16.0,1,4
23.0,1,1,2,24.0,1,-12
21.0,2,0,0,20.0,2,4
29.0,0,1,2,33.0,2,-6
14.0,0,0,0,2.0,0,2
18.0,1,0,0,22.0,1,2
27.0,2,0,0,15.0,1,2
24.0,2,1,2,26.0,1,-12
22.0,0,0,0,18.0,0,4
23.0,1,0,0,25.0,1,4
19.0,0,0,0,22.0,0,4
26.0,1,1,2,15.0,0,-18
18.0,0,0,0,22.0,1,6
29.0,2,0,0,25.0,1,6
11.0,0,0,1,13.0,0,6
21.0,2,0,0,40.0,2,3
20.0,0,0,0,14.0,0,3
23.0,0,0,0,6.0,0,3
24.0,1,1,2,31.0,2,-9
22.0,0,1,2,20.0,0,-15
19.0,1,0,0,23.0,1,5
20.0,1,0,0,22.0,2,5
23.0,1,0,0,20.0,0,5
17.0,1,0,0,17.0,1,4
31.0,0,0,0,9.0,0,4
20.0,0,0,0,31.0,0,4
15.0,1,1,2,29.0,0,-12
26.0,1,0,0,20.0,1,3
9.0,0,0,0,14.0,0,3
25.0,0,1,2,22.0,2,-9
28.0,2,0,1,27.0,1,3
20.0,1,0,0,18.0,2,4
34.0,2,0,0,51.0,1,4
21.0,0,0,0,9.0,0,4
10.0,0,1,1,20.0,0,-12
12.0,0,0,0,4.0,0,2
24.0,1,0,0,9.0,1,2
26.0,2,0,0,33.0,1,2
16.0,0,1,1,34.0,1,-6
14.0,0,1,2,29.0,0,-12
22.0,1,0,0,8.0,1,4
28.0,2,0,0,17.0,2,4
19.0,0,0,0,32.0,1,4
15.0,0,0,0,22.0,1,4
22.0,2,0,0,16.0,1,4
35.0,1,0,0,40.0,1,4
15.0,0,1,2,21.0,2,-12
19.0,1,0,0,35.0,1,4
22.0,1,0,0,13.0,1,4
22.0,0,0,0,16.0,0,4
24.0,1,1,2,23.0,1,-12
16.0,0,0,0,12.0,0,2
21.0,0,0,0,7.0,0,2
20.0,1,1,1,39.0,1,-6
25.0,2,0,0,19.0,1,2
15.0,0,0,0,20.0,0,4
24.0,2,0,0,24.0,3,4
21.0,0,1,2,29.0,0,-12
21.0,0,0,1,8.0,0,4
27.0,1,0,1,10.0,0,2
21.0,1,0,0,32.0,1,2
17.0,0,1,2,43.0,1,-6
19.0,1,0,0,14.0,2,2
23.0,1,0,0,21.0,1,2
19.0,1,0,0,25.0,1,2
22.0,0,0,0,10.0,0,2
19.0,1,1,2,35.0,2,-6
15.0,0,1,2,51.0,3,9
27.0,1,0,0,14.0,0,-3
20.0,1,0,0,17.0,1,-3
24.0,1,0,1,16.0,1,-3
21.0,0,0,0,27.0,1,5
19.0,0,0,0,14.0,0,5
29.0,1,1,2,17.0,0,-15
15.0,0,0,1,12.0,0,5
14.0,0,0,0,15.0,0,6
17.0,1,0,0,21.0,1,6
38.0,1,0,0,49.0,1,6
19.0,1,1,2,8.0,1,-18
20.0,0,1,2,33.0,2,-6
23.0,1,0,0,28.0,1,2
21.0,0,0,0,11.0,0,2
20.0,0,0,0,20.0,0,2
18.0,0,1,1,29.0,1,-9
18.0,0,0,0,16.0,0,3
23.0,1,0,0,22.0,1,3
25.0,0,0,0,25.0,1,3
17.0,0,0,0,15.0,0,3
20.0,0,0,0,9.0,0,3
21.0,1,0,0,27.0,1,3
24.0,2,1,2,31.0,2,-9
21.0,1,0,0,28.0,2,7
15.0,0,0,0,14.0,0,7
17.0,1,0,0,16.0,0,7
35.0,1,1,2,6.0,0,-21
18.0,1,0,1,20.0,1,2
23.0,1,0,0,13.0,1,2
20.0,1,1,2,42.0,1,-6
13.0,0,0,0,2.0,0,2
19.0,1,0,0,21.0,2,6
16.0,0,0,0,25.0,0,6
26.0,1,0,0,19.0,0,6
24.0,1,1,2,7.0,0,-18
22.0,1,0,0,17.0,1,6
14.0,0,0,0,20.0,0,6
24.0,1,0,0,26.0,2,6
22.0,0,1,2,13.0,0,-18
17.0,0,0,0,21.0,0,4
24.0,0,0,0,19.0,0,4
19.0,0,0,0,19.0,0,4
24.0,2,1,2,22.0,1,-12
16.0,0,1,2,35.0,2,-6
27.0,0,0,0,3.0,0,2
22.0,2,0,0,36.0,1,2
20.0,1,0,1,28.0,2,2
16.0,1,0,0,17.0,1,4
19.0,1,1,1,23.0,0,-12
22.0,1,0,0,24.0,1,4
27.0,0,0,0,30.0,1,4
21.0,0,0,0,34.0,1,4
22.0,0,0,0,11.0,0,4
23.0,2,1,2,30.0,1,-12
19.0,0,0,0,11.0,0,4
19.0,0,0,0,21.0,0,3
32.0,2,1,2,28.0,2,-9
15.0,1,0,0,24.0,1,3
20.0,0,0,1,9.0,0,3
17.0,0,0,0,12.0,0,5
30.0,1,0,0,36.0,1,5
19.0,1,0,0,11.0,1,5
19.0,1,1,2,18.0,0,-15
25.0,2,0,0,32.0,1,2
17.0,1,0,0,18.0,1,2
17.0,0,1,1,29.0,2,-6
22.0,0,0,0,12.0,0,2
16.0,0,0,1,12.0,0,4
20.0,1,0,0,19.0,1,4
20.0,1,1,2,14.0,2,-12
25.0,1,0,0,42.0,1,4
25.0,2,0,0,32.0,1,3
18.0,0,1,2,39.0,1,-9
19.0,0,0,0,0,0,3
18.0,0,0,1,16.0,0,3
21.0,3,0,0,29.0,2,-2
24.0,0,0,0,13.0,0,-2
22.0,0,0,0,14.0,0,-2
19.0,0,1,2,37.0,2,6
20.0,0,1,2,20.0,0,-15
18.0,0,0,0,18.0,0,5
23.0,0,0,0,25.0,1,5
23.0,2,0,1,28.0,2,5
17.0,0,1,2,4.0,0,-21
31.0,1,0,0,32.0,1,7
22.0,2,0,0,30.0,2,7
16.0,0,0,1,19.0,0,7
25.0,0,0,0,13.0,0,-2
19.0,2,0,0,24.0,2,-2
17.0,1,0,0,13.0,0,-2
17.0,0,1,2,33.0,3,6
20.0,0,0,0,8.0,0,3
19.0,0,0,0,16.0,0,3
19.0,1,1,1,24.0,1,-9
28.0,2,0,0,49.0,2,3
21.0,0,0,0,21.0,0,5
17.0,2,0,0,31.0,2,5
21.0,1,0,0,13.0,1,5
21.0,0,1,2,19.0,0,-15
19.0,0,0,0,19.0,0,5
27.0,1,0,0,44.0,2,5
17.0,0,0,0,9.0,1,5
25.0,0,1,2,12.0,1,-15
20.0,1,1,2,35.0,0,-12
16.0,1,0,0,10.0,1,4
25.0,1,0,0,17.0,1,4
25.0,0,0,1,24.0,0,4
15.0,0,0,0,4.0,0,2
23.0,1,1,2,34.0,2,-6
16.0,1,0,0,16.0,1,2
25.0,1,0,1,30.0,1,2
17.0,1,1,2,23.0,0,-15
31.0,1,0,0,30.0,0,5
18.0,0,0,0,17.0,0,5
20.0,1,0,1,17.0,2,5
20.0,1,0,0,23.0,1,-2
25.0,1,1,2,37.0,2,6
24.0,1,0,0,11.0,0,-2
17.0,0,0,1,14.0,0,-2
18.0,1,0,0,34.0,3,6
20.0,0,0,0,36.0,0,6
30.0,2,0,0,18.0,1,6
14.0,0,1,2,8.0,1,-18
17.0,0,1,2,17.0,1,-15
19.0,0,0,0,19.0,0,5
29.0,1,0,0,20.0,1,5
20.0,2,0,0,24.0,1,5
26.0,0,0,0,23.0,0,-2
24.0,1,0,0,28.0,1,-2
19.0,0,0,0,7.0,0,-2
17.0,2,1,2,40.0,2,6
25.0,1,0,0,35.0,0,5
16.0,0,1,2,13.0,1,-15
20.0,1,0,0,32.0,2,5
22.0,0,0,1,10.0,0,5
16.0,1,1,2,33.0,1,-9
17.0,0,0,0,2.0,0,3
29.0,1,0,0,42.0,1,3
26.0,1,0,1,19.0,1,3
19.0,0,0,1,8.0,0,3
28.0,1,1,2,26.0,2,-9
21.0,1,0,0,12.0,0,3
20.0,1,0,0,31.0,1,3
15.0,1,0,0,17.0,1,3
20.0,0,0,0,18.0,1,3
28.0,1,0,0,26.0,0,3
18.0,0,1,2,25.0,2,-9
29.0,0,0,0,35.0,0,4
17.0,1,0,0,21.0,2,4
19.0,1,0,0,8.0,0,4
20.0,1,1,2,26.0,1,-12
16.0,0,0,0,11.0,0,4
18.0,0,0,0,35.0,0,4
20.0,0,0,0,10.0,0,4
32.0,2,1,2,24.0,1,-12
18.0,0,0,0,9.0,0,5
22.0,1,0,0,31.0,1,5
22.0,2,0,0,27.0,2,5
17.0,0,1,2,18.0,1,-15
26.0,1,0,1,35.0,1,3
20.0,0,1,2,26.0,2,-9
27.0,2,0,0,14.0,1,3
12.0,0,0,0,14.0,0,3
20.0,0,0,1,12.0,0,-2
19.0,0,1,2,45.0,2,6
17.0,2,0,0,19.0,1,-2
28.0,1,0,0,18.0,1,-2
23.0,0,1,2,37.0,1,-9
21.0,0,0,0,24.0,1,3
24.0,2,0,0,6.0,0,3
13.0,0,0,1,18.0,0,3
25.0,0,1,2,42.0,2,6
22.0,2,0,0,17.0,1,-2
23.0,0,0,0,20.0,0,-2
15.0,1,0,0,10.0,1,-2
25.0,0,0,1,11.0,0,4
17.0,1,0,0,30.0,1,4
21.0,2,1,2,30.0,1,-12
24.0,0,0,0,19.0,0,4
14.0,0,0,0,4.0,0,2
26.0,1,0,0,46.0,2,2
22.0,1,0,0,6.0,0,2
21.0,1,1,1,32.0,1,-6
24.0,3,0,0,26.0,3,4
18.0,0,0,0,13.0,0,4
19.0,0,0,0,22.0,0,4
24.0,0,1,2,22.0,1,-12
19.0,0,0,0,0,0,-2
23.0,2,0,0,23.0,2,-2
25.0,1,1,2,44.0,2,6
15.0,0,0,1,10.0,0,-2
19.0,0,0,0,10.0,0,5
17.0,1,0,0,24.0,1,5
27.0,2,1,2,20.0,1,-15
17.0,0,0,0,17.0,0,5
18.0,2,1,2,64.0,2,12
17.0,0,0,0,11.0,0,-4
24.0,0,0,0,8.0,0,-4
21.0,1,0,0,11.0,1,-4
25.0,1,0,1,14.0,1,4
18.0,0,1,2,23.0,1,-12
24.0,1,0,0,31.0,1,4
14.0,0,0,0,12.0,0,4
17.0,0,1,2,23.0,0,-15
25.0,0,0,0,15.0,0,5
19.0,1,0,0,20.0,1,5
19.0,0,0,1,23.0,0,5
20.0,0,0,0,31.0,0,5
25.0,0,0,0,28.0,0,5
22.0,1,0,0,14.0,1,5
21.0,1,1,2,16.0,1,-15
24.0,2,0,0,38.0,2,7
15.0,0,1,2,2.0,0,-21
24.0,0,0,0,25.0,0,7
21.0,0,0,0,17.0,0,7
28.0,2,1,2,40.0,1,-9
18.0,0,0,0,11.0,0,3
13.0,0,0,0,13.0,0,3
21.0,0,0,0,9.0,0,3
23.0,0,1,2,45.0,1,-6
21.0,1,0,0,4,1,2
26.0,2,0,0,43.0,2,2
14.0,0,0,1,2.0,0,2
21.0,0,0,0,15.0,0,2
19.0,0,1,2,44.0,1,-6
21.0,2,0,0,23.0,1,2
19.0,0,0,0,6.0,0,2
22.0,0,1,2,19.0,0,-15
25.0,1,0,0,25.0,0,5
19.0,1,0,0,17.0,1,5
22.0,1,0,0,24.0,2,5
19.0,1,0,0,6.0,1,3
15.0,1,0,0,13.0,1,3
24.0,0,0,0,21.0,0,3
27.0,1,1,2,38.0,1,-9
21.0,1,0,1,17.0,1,4
22.0,1,1,2,26.0,1,-12
21.0,0,0,0,11.0,0,4
22.0,1,0,0,24.0,1,4
26.0,0,1,2,30.0,2,-9
29.0,2,0,0,18.0,1,3
16.0,0,0,0,24.0,0,3
11.0,0,0,1,6.0,0,3
25.0,0,0,0,19.0,0,7
24.0,1,0,0,23.0,2,7
15.0,0,0,0,39.0,0,7
17.0,1,1,2,6.0,0,-21
19.0,1,1,2,43.0,1,-6
13.0,0,0,0,16.0,0,2
23.0,1,0,0,6.0,1,2
28.0,1,0,1,31.0,1,2
21.0,1,0,0,31.0,1,5
21.0,0,0,0,36.0,0,5
17.0,0,0,0,4.0,0,5
29.0,2,1,2,16.0,1,-15
23.0,1,0,0,23.0,1,5
19.0,1,0,0,31.0,1,5
15.0,0,0,0,6.0,0,5
24.0,0,1,2,20.0,1,-15
24.0,0,0,0,32.0,0,5
21.0,0,0,0,15.0,0,5
24.0,1,0,0,18.0,2,5
19.0,1,1,2,19.0,1,-15
18.0,0,0,0,9.0,0,3
22.0,0,1,1,26.0,1,-9
20.0,1,0,0,16.0,1,3
28.0,2,0,0,36.0,2,3
23.0,0,0,0,17.0,0,3
28.0,1,0,0,22.0,1,3
15.0,1,0,0,31.0,2,3
22.0,1,1,2,26.0,2,-9
20.0,0,0,0,6.0,0,2
15.0,0,0,0,16.0,0,2
21.0,0,0,0,25.0,0,2
24.0,0,1,2,37.0,2,-6
11.0,0,0,0,8.0,0,6
14.0,0,0,0,28.0,0,6
29.0,0,0,0,24.0,0,6
30.0,3,1,2,12.0,0,-18
27.0,1,0,1,31.0,1,6
17.0,0,0,0,11.0,0,6
14.0,1,1,2,16.0,0,-18
18.0,1,0,0,26.0,1,6
15.0,0,1,2,8.0,1,-18
32.0,3,0,0,32.0,2,6
22.0,0,0,0,12.0,0,6
17.0,0,0,0,36.0,1,6
18.0,1,0,0,2.0,0,6
19.0,0,0,0,22.0,1,6
25.0,1,0,0,42.0,2,6
21.0,0,1,2,16.0,0,-18
22.0,0,1,2,21.0,0,-15
19.0,0,0,0,9.0,0,5
22.0,1,0,0,23.0,1,5
17.0,2,0,0,18.0,2,5
19.0,1,0,0,13.0,1,4
35.0,1,1,2,25.0,1,-12
16.0,0,0,0,15.0,0,4
13.0,0,0,1,20.0,0,4
18.0,0,0,0,24.0,0,5
21.0,1,1,2,26.0,0,-15
22.0,1,0,0,20.0,1,5
20.0,0,0,0,9.0,0,5
25.0,1,1,2,37.0,1,-9
29.0,0,0,0,14.0,0,3
21.0,2,0,0,38.0,2,3
10.0,0,0,0,3.0,0,3
30.0,1,0,0,31.0,1,3
19.0,1,0,0,11.0,1,3
13.0,0,0,0,14.0,0,3
26.0,0,1,2,32.0,1,-9
25.0,1,0,0,27.0,0,4
21.0,0,0,0,17.0,0,4
18.0,2,0,0,22.0,2,4
21.0,0,1,2,21.0,2,-12
28.0,1,0,0,20.0,0,5
15.0,0,0,0,15.0,0,5
21.0,1,0,0,37.0,2,5
22.0,1,1,2,13.0,1,-15
19.0,0,0,0,8.0,0,2
25.0,0,0,1,28.0,1,2
18.0,0,1,2,34.0,2,-6
22.0,1,0,0,19.0,1,2
20.0,1,0,1,35.0,0,3
24.0,1,1,2,28.0,2,-9
19.0,1,0,0,10.0,1,3
24.0,0,0,0,16.0,0,3
21.0,1,1,2,53.0,3,9
20.0,0,0,0,23.0,0,-3
25.0,1,0,0,11.0,1,-3
18.0,1,0,1,10.0,2,-3
14.0,0,0,0,2.0,0,3
27.0,1,0,0,10.0,0,3
26.0,1,0,0,36.0,2,3
17.0,0,1,1,35.0,0,-9
20.0,1,0,0,20.0,0,3
26.0,0,0,0,13.0,0,3
13.0,0,0,0,16.0,0,3
24.0,2,1,2,37.0,1,-9
21.0,1,0,0,19.0,1,2
28.0,1,0,0,33.0,1,2
14.0,0,0,0,4.0,0,2
23.0,1,1,2,33.0,2,-6
12.0,0,0,0,12.0,0,5
21.0,0,0,0,30.0,0,5
25.0,1,0,0,19.0,1,5
20.0,1,1,2,17.0,1,-15
13.0,0,1,2,29.0,0,-12
17.0,1,0,0,0,0,4
30.0,1,0,0,28.0,1,4
27.0,0,0,1,38.0,2,4
28.0,0,1,2,44.0,4,-6
24.0,1,0,0,2.0,0,2
15.0,0,0,0,15.0,0,2
17.0,1,0,0,23.0,1,2
15.0,1,0,1,8.0,1,3
25.0,0,1,2,25.0,2,-9
26.0,1,0,0,25.0,1,3
18.0,0,0,0,24.0,0,3
25.0,0,0,0,2.0,0,2
23.0,1,0,0,33.0,1,2
21.0,0,0,0,26.0,0,2
13.0,1,1,1,24.0,2,-6
24.0,2,1,2,34.0,1,-9
19.0,0,0,0,5.0,0,3
27.0,1,0,0,28.0,1,3
18.0,0,0,0,26.0,0,3
21.0,1,0,1,36.0,2,6
15.0,0,1,2,13.0,0,-18
16.0,1,0,0,19.0,1,6
36.0,1,0,0,19.0,0,6
13.0,0,1,2,12.0,1,-15
26.0,1,0,0,32.0,1,5
19.0,1,0,0,27.0,1,5
16.0,0,0,0,7.0,0,5
21.0,2,1,2,62.0,2,12
21.0,0,0,0,7.0,0,-4
25.0,0,0,0,13.0,0,-4
21.0,1,0,1,5.0,0,-4
21.0,1,0,0,20.0,0,-2
23.0,1,0,0,26.0,1,-2
26.0,0,0,0,17.0,0,-2
14.0,0,1,2,39.0,3,6
21.0,2,1,2,25.0,1,-12
18.0,0,0,0,25.0,0,4
22.0,0,0,0,8.0,0,4
19.0,0,0,1,23.0,1,4
20.0,2,0,0,27.0,1,4
18.0,0,0,0,3.0,0,4
16.0,1,0,0,15.0,1,4
28.0,0,1,2,31.0,1,-12
19.0,0,1,2,19.0,0,-15
21.0,1,0,0,10.0,1,5
27.0,1,0,0,31.0,1,5
21.0,1,0,1,26.0,1,5
18.0,1,0,0,14.0,0,4
25.0,0,1,2,12.0,2,-12
13.0,1,0,0,11.0,1,4
29.0,1,0,1,38.0,1,4
22.0,1,0,0,23.0,1,4
25.0,1,0,0,21.0,1,4
16.0,0,0,0,15.0,0,4
21.0,1,1,2,24.0,1,-12
16.0,0,0,0,19.0,0,2
20.0,1,0,0,18.0,1,2
31.0,1,0,0,33.0,1,2
21.0,1,1,1,26.0,2,-6
22.0,0,1,2,29.0,3,6
20.0,1,0,0,23.0,1,-2
22.0,1,0,0,11.0,1,-2
21.0,0,0,0,23.0,1,-2
29.0,1,1,2,36.0,1,-9
18.0,1,0,0,29.0,1,3
18.0,1,0,0,9.0,1,3
17.0,0,0,0,7.0,0,3
22.0,1,0,0,16.0,0,5
17.0,1,0,0,26.0,2,5
21.0,0,1,2,24.0,0,-15
25.0,1,0,1,16.0,1,5
21.0,1,1,2,28.0,1,-12
26.0,1,0,0,27.0,1,4
19.0,0,0,0,0,0,4
18.0,0,0,1,27.0,0,4
24.0,0,0,0,23.0,0,-2
23.0,1,0,0,15.0,1,-2
21.0,1,0,0,17.0,1,-2
16.0,0,1,2,39.0,3,6
17.0,0,0,0,11.0,0,4
25.0,1,0,0,19.0,1,4
20.0,1,0,0,38.0,1,4
21.0,1,1,2,16.0,2,-12
20.0,0,0,0,27.0,1,5
25.0,1,0,0,27.0,1,5
19.0,0,0,0,11.0,0,5
20.0,1,1,2,14.0,1,-15
16.0,0,1,2,59.0,5,-12
13.0,0,0,0,2.0,0,4
30.0,1,0,0,17.0,0,4
26.0,2,0,0,31.0,1,4
11.0,0,0,0,10.0,0,5
17.0,0,0,0,16.0,0,5
27.0,1,0,0,36.0,1,5
29.0,2,1,2,12.0,1,-15
15.0,0,0,0,33.0,1,5
26.0,0,1,2,22.0,0,-15
25.0,3,0,0,24.0,2,5
22.0,0,0,1,11.0,0,5
17.0,0,0,0,29.0,0,7
21.0,0,0,0,16.0,0,7
22.0,2,0,0,28.0,2,7
27.0,1,1,2,5.0,0,-21
21.0,1,1,1,39.0,1,-6
14.0,1,0,0,8.0,1,2
22.0,0,0,0,26.0,0,2
26.0,1,0,0,22.0,1,2
21.0,1,0,0,36.0,1,6
20.0,0,0,0,13.0,0,6
21.0,1,0,0,13.0,1,6
19.0,0,1,2,16.0,0,-18
28.0,1,1,2,38.0,1,-9
10.0,0,0,0,10.0,0,3
20.0,0,0,0,20.0,0,3
23.0,1,0,1,15.0,1,3
29.0,1,1,2,12.0,0,-18
15.0,0,0,0,5.0,0,6
15.0,1,0,0,33.0,1,6
24.0,1,0,1,21.0,1,6
15.0,1,0,0,29.0,2,3
25.0,2,0,0,8.0,1,3
19.0,0,0,0,14.0,0,3
27.0,0,1,2,38.0,1,-9
19.0,1,0,0,20.0,2,6
21.0,1,0,0,25.0,0,6
23.0,0,0,0,21.0,0,6
23.0,1,1,2,14.0,0,-18
20.0,0,0,0,28.0,0,5
10.0,0,0,0,19.0,1,5
30.0,0,0,0,21.0,0,5
24.0,3,1,2,22.0,0,-15
16.0,0,1,1,8.0,0,-15
24.0,1,0,0,21.0,1,5
23.0,1,0,0,22.0,1,5
24.0,1,0,0,33.0,1,5
22.0,1,0,0,20.0,1,3
12.0,0,0,0,11.0,0,3
27.0,1,0,0,23.0,1,3
23.0,1,1,1,30.0,1,-9
22.0,1,0,0,25.0,1,7
15.0,0,0,0,25.0,1,7
25.0,1,0,0,20.0,0,7
24.0,1,1,2,6.0,0,-21
20.0,1,0,0,21.0,0,6
17.0,0,0,0,10.0,1,6
30.0,1,1,2,15.0,0,-18
16.0,0,0,1,28.0,1,6
38.0,2,0,0,35.0,1,4
19.0,1,0,0,8.0,1,4
16.0,0,1,2,16.0,2,-12
11.0,0,0,0,26.0,0,4
23.0,0,0,0,13.0,0,-2
30.0,2,0,0,23.0,1,-2
18.0,1,0,0,7.0,1,-2
17.0,0,1,2,45.0,2,6
13.0,0,0,0,7.0,0,3
22.0,1,0,0,18.0,1,3
21.0,0,0,0,14.0,0,3
22.0,0,1,2,32.0,1,-9
